{"scope.version":"2","timeline.animationMode":"proMode","viewport.width":480,"viewport.height":800,"library.openDirectories":[],"library.GroupsPath":{},"library.downloadedAssets":{},"design.zoom":0.5,"publish.local.location":"C:/Users/user/Desktop/B06290007/","publish.local.name":"B0629007","publish.local.flatten":true,"publish.local.minify":true,"publish.local.inlineFiles":true,"publish.local.createZip":false,"publish.local.politeLoad":true,"publish.local.exportMozilla":true,"publish.local.exportWebkit":true,"publish.local.unpackGroups":false,"publish.local.borderColor":"rgba(0,0,0,1)","publish.local.addBorder":false,"":false,"publish.local.skipLoadingDelay":false}